account_name,SEO,SEM/SMA,SMM,Industry,What do they sell?
1 TCM,Yes,,,Healthcare - TCM,Traditional Chinese Medicine services
101 Credit Pte Ltd,Yes,,,Financial Services - Licensed Moneylender,Personal loans
21st Century Beauty Spa,Yes,,,Beauty Services - Spa,Spa and beauty services
360 Bathware Pte Ltd,Yes,,,Building Materials - Sanitary Ware,Bathroom and sanitary ware
81 Electrical,Yes,,,Home Services - Electrical,Electrical works and services
A-CHIEVEMENT SOLUTION (S) PTE LTD,Yes,Yes,,B2B - IT / Solutions,IT solutions and services
ABC Photography,Yes,Yes,,Events / Photography,Photography services
ABSOLUTE CHIROPRACTIC PTE. LTD - The Optimisation Suite,,Yes,,Healthcare - Chiropractic,Chiropractic services
Acco Brands,,Yes,,Retail - Stationery / Office,Office supplies and stationery brands
Accountancy Hub,Yes,,,Professional Services - Accounting,Accounting and corporate services
Achieve Medical,Yes,Yes,,Healthcare - Medical Aesthetics,Aesthetic and medical treatments
Acsolv Consult,Yes,,,Professional Services - Consulting,Business consulting
Activate,Yes,,,B2B - IT / Tech Consultancy,"Software development, UI/UX, cloud, Microsoft solutions, resource augmentation"
Adecco Singapore,Yes,Yes,,Employment - Recruitment,Recruitment and staffing services
Aeon Medical & Aesthetics Centre (Paid Ads),Yes,Yes,Yes,Healthcare - Medical Aesthetics,Aesthetic and medical treatments
Afogreen Build,Yes,,,Construction - Green Building,Sustainable construction
AgileAsia,Yes,Yes,,Corporate Training / Consulting,Agile and business transformation training
Aglow Corporate Services,,Yes,,Professional Services - Corporate Sec,Corporate secretarial services
Agnes-ai,Yes,,,B2B - AI SaaS Platform,"AI platform (LLM + Agent) — Singapore Sapiens Technology; comparable to Manus/Complexity, uses Deepseek & Claude LLMs"
Agribusiness Connect Asia (Cheese from USA),,,Yes,Business and trade association,Promote cheeses from USA
Airple,Yes,,,Home Services - Aircon,Air-conditioning servicing and installation
Alcatel-Lucent Enterprise,,Yes,,B2B - Telecom / Networking,Enterprise networking and communications
ALIGN BRACES CLINIC PTE LTD,Yes,,,Healthcare - Dental / Orthodontics,Orthodontic and braces services
Alliance Francaise de Singapour,,Yes,,Education - Language (French),French language classes
Allied Foodservice Equipment (S) Pte Ltd,,Yes,,B2B - F&B Equipment,Commercial kitchen equipment
AlphaLab Capital Pte Ltd,,Yes,,Financial Services - Trading / Fund,Proprietary trading / investment
Ampersand Associates,Yes,,,Professional Services - Consulting,Business consulting
Ancloz Engineering,Yes,,,B2B - Engineering,Engineering services
Anmako,Yes,,,Retail - Apparel (Batik / Linen),"Batik clothing (cheongsam, dresses, men's shirts) and Japanese linen/cotton pyjamas"
Ansac Technology (S) Pte Ltd,Yes,,,B2B - Industrial Tech,Industrial technology / equipment
Antidote,Yes,,,F&B - Cold-Pressed Juice,"Cold-pressed juices, juice cleanses, detox packs (retail + corporate/hotel supply)"
Apollo Global Academy,Yes,Yes,,Education - Enrichment,Academic enrichment
Apple Tree Playhouse,Yes,,,Education - Preschool / Playgroup,Playgroup and childcare
AQ Dance,Yes,,,Education - Dance,Dance classes
Archawyn,Yes,,,Retail - Jewellery (Handcrafted),"Handcrafted bespoke jewellery — pearls, gemstones, jade, 18K vermeil, rhodium"
Ardex - Quicseal Singapore,Yes,,,Building Materials - Waterproofing,Waterproofing and construction chemicals
Arina East,,Yes,,Real Estate - Residential,Residential condo launch
Ark Rack,,Yes,,B2B - Racking / Storage,Industrial racking and storage systems
Artjumma,Yes,,,Retail - Art / Kids,Kids art products / activities
Asia Car Leasing,Yes,,,Automotive - Leasing,Car leasing and rental
Asia Insight,Yes,,,Professional Services - Market Research,Market research services
Aspect Mover & Warehousing Pte Ltd,Yes,Yes,,Logistics - Moving & Storage,Moving and warehousing services
Atlas Technologies Corporation,Yes,,,B2B - Technology,Technology solutions
Aurealis Serviced Residence Pte Ltd,Yes,Yes,,Hospitality - Serviced Residence,Serviced apartments / extended stay
Auspicium Medical,Yes,,,Healthcare - Medical Aesthetics,Aesthetic medical treatments
AutismStep,Yes,Yes,,Healthcare - Special Needs,Autism therapy and intervention
BalletBody,Yes,,,Fitness & Wellness - Ballet Fitness,Ballet-inspired fitness classes
BearyFun Gym (Paid Ads),Yes,Yes,Yes,Fitness & Wellness,Gym memberships and personal training
Beautiful Gatherings,Yes,,,Events / Wedding,Wedding and event services
Bee Choo Corporation Pte Ltd,Yes,Yes,,Beauty Services - Hair,Herbal hair treatment services and products
BELFOR Restoration Services Pte Ltd,Yes,,,Property Services - Restoration,"Property damage restoration (fire, water, mould)"
Bellydance Haven LLP,Yes,,,Education - Dance,Belly dance classes
Beng Chuan Machine,Yes,Yes,,B2B - Machinery,Industrial machinery supply
Bentz Jaz,,Yes,,Retail - Sanitary / Kitchen,Sanitary ware and kitchen products
Bertazzoni,,Yes,,Retail - Premium Kitchen Appliances,"Luxury Italian kitchen appliances — ovens, stoves, cooktops, range hoods, fridges (140-year family brand, showroom/distributor model)"
Best Imprezzion,,Yes,,Retail - Keepsakes / Baby Gifts,"3D hand and foot imprint portraits, castings (baby, family, pet), framed keepsakes"
Beyond Footprint,,Yes,,Travel - Tours,Travel and tour services
Bio Organicare Scalp Pte Ltd,Yes,,,Beauty Services - Scalp,Scalp and hair treatment services
Blue Herring Academy,Yes,,,Education - Tuition (English),"English tuition for secondary, IP, JC and private candidates (G2/G3/NA/O-Level/JC); exam-oriented"
Bluetree Education,,Yes,,Education - Tuition,Tuition / enrichment
Blum South East Asia,,,Yes,B2B - Cabinet Hardware,Cabinet hinges and hardware
Bryan Tan Novena Pte Ltd,Yes,Yes,,Healthcare - Specialist Clinic,Specialist medical clinic
Calvin Lim - SEM Renewal,,Yes,,Financial Services - Insurance,Insurance agent (individual)
CamTech Health,Yes,,,Healthcare - Diagnostics,Health screening and diagnostics
Canaan Dental Pte Ltd,Yes,,,Healthcare - Dental,Dental services
Canatec,Yes,,,B2B - Data Centre Infrastructure,"Precision cooling, liquid cooling, CDU, CRAC/CRAH units, data centre monitoring"
"Cannon Pest Management Co., Ltd (Thailand)",,Yes,,Pest Control,Pest control services
Carpet Cleaning Services,Yes,Yes,,Home Services - Carpet Cleaning,Carpet cleaning services
CarpetWorkz Private Limited,Yes,Yes,,Home Services - Carpet Cleaning,Carpet cleaning and maintenance
Carragheen (Paid Ads),Yes,Yes,Yes,Beauty Services - Facial/Lash/Brow,"Facial, body, lash, brow treatments and skincare products"
Cartier MY (EN),Yes,,,Retail - Luxury Jewellery & Watches,"Luxury jewellery, watches and accessories"
Cartier SG (CN),Yes,,,Retail - Luxury Jewellery & Watches,"Luxury jewellery, watches and accessories"
Cartier SG (EN),Yes,,,Retail - Luxury Jewellery & Watches,"Luxury jewellery, watches and accessories"
Casa Concetto Pte Ltd,Yes,Yes,,Retail - Furniture,Furniture and home furnishings
Casket Fairprice Pte Ltd,Yes,,,Funeral Services,Funeral and bereavement services
Catch of the Day,Yes,Yes,,F&B - Seafood Supplier (B2C),"Fresh seafood direct from Jurong Fishery Port — first-pick supplier, next-day delivery to consumers"
Cater Co Singapore,,Yes,,F&B - Catering,Event and corporate catering
CatsnCo,,Yes,,Retail - Pet,Pet products / cat cafe
CBL Interactive Pte Ltd (118 Credit),Yes,,,Financial Services - Licensed Moneylender,Personal and business loans
CCL Commercial Leasing (Paid Ads),,Yes,Yes,Real Estate - Commercial Leasing,Commercial property leasing
Cellini Design Center,Yes,,,Retail - Furniture,Designer furniture
Chan Brothers Prestige,Yes,,,Travel - Luxury,Luxury and premium travel packages
Chateau De Sable Pte Ltd,Yes,Yes,,Retail - Kidswear,Children's clothing
Chemistry Practice,Yes,,,Education - Tuition,Chemistry tuition
Chen's Mapo Tofu,Yes,,,F&B - Restaurant,Sichuan restaurant
Chi Han Trading,Yes,,,B2B - Building Construction Materials,"Sand, aggregates, bricks, blocks, wall panels, cement, chemical compounds, precast concrete (construction supply)"
Chinese Instrumental Music School,,Yes,,Education - Music,Chinese instrument music classes
Chiropractic Studio,Yes,,,Healthcare - Chiropractic,Chiropractic services
Choice Hua Sheng,Yes,Yes,,Education - Language (Chinese),Chinese tuition and enrichment (preschool to Sec 4)
Chrysalis Tours,Yes,,,Travel - Tours,Tour packages
Cimmerian Crane Services Pte Ltd,,Yes,,B2B - Crane Services,Crane rental and lifting services
Citylink Mall,,,Yes,Retail - Shopping Mall,Shopping mall (retail tenants)
CKS Property,Yes,,,Real Estate - Agency,Property agency services
Clean Care Pte Ltd,Yes,,,Home Services - Cleaning,Cleaning services
Clean Off,Yes,,,Home Services - Cleaning,Cleaning services
Cleo Aesthetic (Paid Ads),Yes,Yes,Yes,Healthcare - Medical Aesthetics,Aesthetic medical treatments
Club Face,Yes,,,Leisure - Country Club,Country / golf club membership
ClubFACE,,Yes,,Beauty Services / Aesthetics,Facial and aesthetic services
Coast N Co.,,Yes,,Interior Design & Renovation,Residential and commercial interior design
Coastes,Yes,Yes,,F&B - Beach Bar,"Siloso Beach (Sentosa) beach bar — beers, spirits, food, sunbeds by the water"
Colebuild,Yes,Yes,,Construction / Interior,Construction and interior build services
Coliwoo,Yes,,,Accommodation Rental,Co-living and serviced apartments
Colzani,Yes,Yes,,Retail - Luxury Italian Furniture,"Premium Italian bespoke furniture (Nicoline, Naturedesign, Potocco, Ronda Design) — sofas, dining tables, beds; price point $20K+"
ComeNow,Yes,,,Home Services - Marketplace App,"One-stop services marketplace (aircon, cleaning, handyman, plumbing, electrical, moving, painting)"
ComfortDelGro Rent-A-Car Pte Ltd,,Yes,,Automotive - Rental,Car rental
CommonTown,Yes,,,Education - Enrichment,Learning platform / enrichment
Confidence Funeral,Yes,,,Funeral Services,Funeral services
Conservation Capital,Yes,,,Professional Services - Finance,Conservation finance advisory
Cool Channels Engineering Pte Ltd,Yes,Yes,,Building Services - M&E,Ductwork and M&E engineering
Costume N Parties,Yes,,,Retail - Party / Costumes,Costumes and party supplies
Cover Projects Pte Ltd - The Initial Residence,Yes,Yes,,Accommodation Rental,Studio Apartments
CraveFX,,Yes,,Creative Services - VFX / Animation,Visual effects and animation
Credo Assurance,Yes,,,Financial Services - Insurance / Advisory,Insurance and financial advisory
Curion,Yes,Yes,,Education - Tuition,Tuition / learning centre
Curos Learning,Yes,,,Education - Tuition,Tuition / enrichment
Curtain K Pte Ltd,,Yes,,Retail - Curtains / Blinds,Curtains and blinds
D' Hauz,,Yes,,Interior Design & Renovation,Interior design services
D'Spring Enterprise Holdings Pte Ltd,Yes,Yes,,Retail - Furniture,Furniture and home furnishings
Daddy De Clieu,,,Yes,F&B,Coffee capsules
De Art Studio,Yes,Yes,,Interior Design & Renovation,Interior design services
Delifrance,Yes,,,F&B - Bakery Cafe,Bakery cafe products
Dezign Format,,Yes,,B2B - Design & Build (Experiences),"Design and build for exhibitions, brand activations, festive décor, museums, retail fit-out; Enterprise 50 award winner, MARKies award, 37 years, Bahrain office"
Disk Precision Group - Singapore,Yes,,,B2B - Precision Engineering,Precision machining and components
Disk Precision Group - Thailand,Yes,,,B2B - Precision Engineering,Precision machining and components
Disk Precision Group - USA,Yes,,,B2B - Precision Engineering,Precision machining and components
Disk Precision Group - Vietnam,Yes,,,B2B - Precision Engineering,Precision machining and components
Doctor Clean,Yes,Yes,,Home Services - Cleaning,Home cleaning services
Dou Yee Bio Med,Yes,,,B2B - Medical / Lab,Medical and lab products
Dou Yee Enterprises,Yes,,,B2B - Electronics / Industrial,Electronics and industrial packaging
Dr Jenica Yong ENT,Yes,,,Healthcare - ENT Specialist,ENT specialist services
Dr Valentin Low Aesthetic & Laser Clinic,Yes,,,Healthcare - Medical Aesthetics,Aesthetic and laser treatments
Dreamlash,Yes,,,Beauty Services - Lash,Eyelash extensions
Duravit,,,Yes,Building Materials - Sanitary Ware,Bathroom and sanitary ware products
E-Bridge Pre-School,Yes,,,Education - Preschool,Preschool and childcare services
E2I,Yes,,,Employment Services,Employment and career services
Eagles Mediation Counselling Centre,Yes,Yes,,Healthcare - Counselling,Counselling and mediation services
EcoSpace Pest,Yes,Yes,,Pest Control,Pest control services
Ecube Vehicle Rental,Yes,,,Automotive - Rental,Vehicle rental
Eden Grace Maid Agency,Yes,,,Employment - Maid Agency,Domestic helper agency
Edmund Vehicle Rental Pte Ltd,Yes,Yes,,Automotive - Rental,Vehicle rental
Eduaid,,Yes,,Education - Tuition,Tuition / enrichment
EduEdge Learning Hub,Yes,,,Education - Tuition,English tuition
Elite Auto Rescue Pte Ltd,Yes,Yes,,Automotive Services,Vehicle towing and roadside assistance
Elite Dental Group,Yes,Yes,,Healthcare - Dental,Dental services
Elite Investment & Credit,Yes,,,Financial Services - Credit,Credit and investment services
Elsie Kitchen,Yes,Yes,,F&B,Restaurant / catering
Emjay Enterprises,Yes,,,B2B - Manufacturing & Distribution,"Manufacture and distribute apparel/garments, health & wellness, FMCG across APAC"
Enjoy Eats Pte Ltd,Yes,,,F&B - Restaurant / Catering,F&B and catering (specifics uncertain — recommend AM to verify)
Enlightened Hand Learning Hub,Yes,,,Education - Student Care + Tuition + Chinese Enrichment,"After-school student care + primary tuition + Chinese enrichment (Qu Wei Shi Zi) + holiday programmes; 2 centres (Tembeling, MacPherson)"
ENT Surgeons Pte Ltd - Dr Dennis,Yes,Yes,,Healthcare - ENT Specialist,ENT specialist consultation and surgery
Ergoworks Singapore,Yes,Yes,,Retail - Office Furniture / Ergonomics,Ergonomic chairs and office furniture
eSolar Pro,Yes,Yes,,Home/ office Improvement Services,"Window film installation- Solar film, blackout film"
ESR REIT,Yes,Yes,,Real Estate - Industrial REIT,Industrial and logistics real estate (investor relations)
Eternity Waterproofing,Yes,Yes,,Home Services - Waterproofing,Waterproofing services
Eton Academy,Yes,,,Education - Tuition,Tuition services
EtonHouse,Yes,,,Education - International Preschool / School,International preschool and school
Eurokars Leasing Pte Ltd,Yes,Yes,,Automotive - Leasing,Car leasing and rental
EV Hub - AION,,Yes,,Automotive - EV,Electric vehicle dealership
Events Partner,Yes,,,Events / Rental,Event rental and staging services
Everpet,Yes,,,Funeral Services,Pet funeral
Everpet Pte Ltd,,Yes,,Retail - Pet,Pet food and supplies
EZVIZ,,,Yes,Retail - Smart Home / Security,Smart home cameras and security products
FASST Leasing,Yes,,,Automotive - Leasing,Vehicle leasing
FieldNotes,Yes,Yes,,F&B - Bakery / Cakes,"Handcrafted cakes and desserts (boutique bakery, 4 SG outlets)"
Fine Podiatry Clinic,Yes,Yes,,Healthcare - Podiatry,Foot and ankle care services
First Choice Pest Specialist,Yes,,,Pest Control,Pest control services
Flo Energy,Yes,,,Utilities - Electricity Retail,Electricity retail plans
Floof,,Yes,,Retail - Pet,Pet products / grooming
Focus Chemistry,Yes,,,Education - Tuition,Chemistry tuition
Foods-Bridge International,,Yes,,B2B - Food Trading / Distribution,Food trading and distribution (specifics uncertain — recommend AM to verify)
Forest Adventure (Paid Ads),Yes,Yes,Yes,Leisure & Attractions,Outdoor adventure park / activities
Frank Dental,Yes,,,Healthcare - Dental,Dental services
Fresenius Medical Care,,Yes,Yes,Healthcare - Dialysis,Dialysis and renal care
Fresh Laundry (Paid Ads),Yes,Yes,Yes,Home Services - Laundry,Laundry and dry cleaning services
Fresver Beauty,Yes,,,Beauty Services - Facial,Facial and beauty services
Fun Learners (Tampines),,Yes,,Education - Preschool / Enrichment,Preschool and enrichment
G Journey Services,Yes,,,Travel Services,Travel services
Garden of Remembrance,,Yes,,Funeral Services,Columbarium / memorial services
Gen K International,Yes,,,Retail - Jewellery (Jade),"Modern jade jewellery — bangles, rings, wedding sets (Si Dian Jin), bespoke"
General Waterproofing & Service,Yes,Yes,,Home Services - Waterproofing,Waterproofing services
Genetron Singapore Pte Ltd,Yes,,,Healthcare - Diagnostics / Genomics,Genetic testing / precision oncology
Genius Mind,Yes,,,Education - Home Tuition Agency,"1-to-1 home tuition matching agency (since 2012); 20,000+ students connected with private tutors; no long-term contracts"
Gift Singing Studio,,Yes,,Education - Music / Vocal,Vocal coaching
Gilmore & Damian D'Silva,,Yes,,F&B - Restaurant,Restaurant
GITI,,,Yes,Retail - Tyres,"Passenger car, SUV, light truck, truck & bus tyres (Giti tyre brand, global manufacturer)"
GKE Services Pte Ltd,,Yes,,Logistics - Warehousing,Warehousing and logistics
Glamour Plus Brow Lash Nail Studio,Yes,,,Beauty Services,"Brow, lash and nail services"
Global & Golden Pte Ltd - Ice Secret,,Yes,,F&B - Dessert,Ice cream / desserts
Global Ehsan Relief,Yes,Yes,,Non-Profit - Humanitarian,Charity donations and humanitarian aid
Glow Haven Aesthetics And Wellness,Yes,,,Healthcare - Aesthetics / Wellness,Aesthetic and wellness services
Gmove Logistics,Yes,,,Logistics - Moving,Moving services
Good View Interiors,Yes,,,Interior Design & Renovation,Interior design services
Gracecal Engineering,,Yes,,B2B - Engineering,Engineering services
Great Wall TCM & Acupuncture Pte Ltd,Yes,Yes,,Healthcare - TCM,Traditional Chinese Medicine and acupuncture
Great World Residences,,Yes,,Real Estate - Residential,Residential condo sales / leasing
Green Spade Pte Ltd,Yes,Yes,,Landscaping,Landscaping and gardening services
Grout Pro Tech,Yes,Yes,,Home Services - Tiling/Grout,Grout and tile restoration services
Halley Aesthetics Pte Ltd,Yes,Yes,,Healthcare - Medical Aesthetics,Aesthetic medical treatments
Halley Bodyworks Pte Ltd,Yes,Yes,,Healthcare - Medical Aesthetics,Body contouring and aesthetic services
Hamid and Sons Interior Design,Yes,,,Interior Design & Renovation,Interior design services
Happy Teeth Family Dental,Yes,,,Healthcare - Dental,Family dental services
Hardscapes,Yes,Yes,,B2B - Timber Decking & Architectural Wood,"Outdoor timber decking and indoor architectural timber (thermally modified NZ timber, WPC composite); gardens, balconies, façades, cladding"
Harvey Norman MY (Elitetrax),Yes,Yes,,Retail - Electronics & Furniture,"Electronics, furniture, bedding, computers"
Harvey Norman SG (Pertama Merchandising),Yes,Yes,,Retail - Electronics & Furniture,"Electronics, furniture, bedding, computers"
Heng Aircon,Yes,,,Home Services - Aircon,Air-conditioning servicing and installation
High House,Yes,Yes,,F&B - Rooftop Restaurant & Bar,"Fine dining, cocktails and nightlife at One Raffles Place (level 61-62)"
HighBrow Singapore (Paid Ads),Yes,Yes,Yes,Beauty Services,"Brow, lash and beauty services"
HighHouse,Yes,Yes,,F&B - Rooftop Bar,Rooftop bar and dining
Hitachi Construction Machinery (Paid Ads),,Yes,Yes,Construction Machinery,Construction and heavy machinery equipment
Hoft Interior,Yes,,,Interior Design & Renovation,Interior design services
HOH Law Corporation,Yes,Yes,,Professional Services - Legal,Legal services
Home Guide Design,Yes,,,Interior Design & Renovation,Interior design services
Horny.sg,Yes,,,Retail - Adult / Wellness,Adult products / sexual wellness
Hosanna Eternal Services,Yes,Yes,,Funeral Services,Funeral and bereavement services
Hotel Traveltine,,,Yes,Hospitality - Hotel,"Wyndham Trademark Collection hotel (Downtown Singapore) — rooms, dining, rooftop pool"
House of Teak (Singapore) Pte Ltd (Scankomfort),Yes,Yes,,Retail - Furniture,Teak and Scandinavian furniture
Hua Language Centre,Yes,Yes,,Education - Language,Chinese language enrichment classes
Huckleberry Music School,Yes,,,Education - Music,Music classes
Huda Childcare (SMM),,,Yes,Education - Preschool,Preschool and childcare
Huttons Asia Pte Ltd,Yes,,,Real Estate - Agency,Property agency services
Hyster Yale Lift Trucks Singapore,Yes,,,B2B - Material Handling,Forklifts and material handling equipment
IB Professional Pte Ltd,Yes,,,Education - Tuition (IB),IB tuition
ID2U,Yes,Yes,,Interior Design & Renovation,Interior design services
IDLink,Yes,,,B2B - Access Control / ID,Access control and ID solutions
iHome Solutions (Paid Ads),,Yes,Yes,Home Services / Smart Home,Smart home solutions
Income Insurance,Yes,,,Financial Services - Insurance,"Life, health, motor and general insurance"
Indocafe,,,Yes,F&B - Instant Coffee,"Indonesian instant coffee brand — 3-in-1 Coffeemix, instant coffee powder, White Coffee; sold via NTUC FairPrice"
Inspire Mum & Baby,Yes,,,Healthcare - O&G / Specialist,Women's health and O&G specialist
Intercontinental Hotel,Yes,,,Hospitality - Hotel,Hotel rooms and F&B
Intriq Journey,Yes,Yes,,Travel - Luxury Bespoke,"Tailor-made luxury holidays across Asia, Middle East, Africa; high-touch travel design"
ISS International School Pte Ltd,Yes,,,Education - International School,International school (IB)
Inudoki Private Limited,Yes,,,Dog boarding and pet care products,Dog Daycare and Boarding
IT maintenance (Achievement Solutions),Yes,,,B2B - IT Services,IT maintenance services
Iterum Interior,,Yes,,Interior Design & Renovation,Interior design services
Ivan The Hair People,Yes,,,Beauty Services - Hair,Hair salon services
IYA Wellness Group,,Yes,,Healthcare - Wellness / Massage,Massage and wellness services
Jennings Tradings Enterprise PTE. LTD.,Yes,,,B2B - Decorative Laminates Supplier,"Premium High Pressure Decorative Laminates (HPL) for interior surfacing — woodgrains, solids, specialty finishes (since 1988)"
JForce Employment Service,Yes,,,Employment - Maid Agency,Domestic helper / maid agency services
Ji Mei Flower Pte Ltd,Yes,Yes,,Retail - Florist,Flowers and floral arrangements
Jia Le Textile,Yes,Yes,,Retail - Textile / Curtains,"Textiles, curtains and home fabrics"
Jialux Interior Pte Ltd SEM,Yes,Yes,Yes,Interior Design & Renovation,Interior design and renovation services
Joja Interior Studio,Yes,,,Interior Design & Renovation,Interior design services
Journey East Pte Ltd,,Yes,,Retail - Furniture,Contemporary Asian furniture
Joy Avenue,,Yes,,Retail - Gifts & Balloons,"Customised balloons, gifts, hampers, pet accessories"
Joytour Holidays,Yes,,,Travel - Tours,Tour packages and holidays
June Florist,,Yes,,Retail - Florist,Flowers and floral arrangements
June Skin Care,,,Yes,Beauty Services - Skin,Skincare services / products
K2 Strategic,Yes,,,Professional Services - Consulting,Strategy and IT consulting
Kadeka,Yes,,,Retail - Wine Chillers,"Premium wine chillers and cabinets with inverter technology; sold via Harvey Norman, Courts, Best Denki, Gain City"
Kaleida Studio,Yes,,,Creative Services,Creative / design studio
KDK,Yes,Yes,,Retail - Home Appliances,Fans and home appliances
Kee Yong Automobile,Yes,,,Automotive - Dealer,Used car dealership
Keppel Electric,Yes,,,Utilities - Electricity Retail,Electricity retail plans
Kidscampus,Yes,Yes,,Education - Preschool,Preschool and childcare services
Kim Paradise,,Yes,,F&B - Meal Delivery / Catering,Tingkat home-cooked meal delivery + buffet catering
Kinderland International Education Pte Ltd,Yes,Yes,,Education - Preschool,Preschool and childcare services
KOBLE,,Yes,,Smart Home Solutions,"Smart home systems (lights, curtains, blinds, gates, aircon, security) via integrated app; partner of SLA and HDB"
KOEI SING Pte Ltd,,Yes,,B2B - IT Asset Disposition / Recycling,"ITAD, data erasure, on-site destruction, material recycling (Japanese-owned)"
Kungfu Physics,Yes,,,Education - Tuition,Physics tuition
La Riqueza,Yes,Yes,,B2B - Sourcing / Retail,"China sourcing / procurement agent + retail furniture, lighting, home décor"
Läderach Chocolatier Suisse,,Yes,,Retail - Chocolate,Premium Swiss chocolates
Lady Americana (Far East Foam Singapore),Yes,,,Retail - Mattress,Mattresses and bedding
Leco Auto Pte Ltd,Yes,Yes,,Automotive - Dealer,Car dealership
Legendary Transport Management,Yes,Yes,,Logistics - Transport,Transport and logistics
Leonian (Hurley),Yes,,,Retail - Golf Equipment & Apparel,"Golf equipment, apparel and accessories retailer (subsidiary of Xebio Holdings Japan); 12 SG stores, exclusive distributor for 13 global golf brands"
Leonian (Paid Ads),Yes,Yes,,Retail - Golf Equipment & Apparel,"Golf equipment, apparel and accessories retailer (subsidiary of Xebio Holdings Japan); 12 SG stores, exclusive distributor for 13 global golf brands"
Leonian Singapore Ptd Ltd (Admiral Golf),,,,Retail - Golf Equipment & Apparel,"Golf equipment, apparel and accessories retailer (subsidiary of Xebio Holdings Japan); 12 SG stores, exclusive distributor for 13 global golf brands"
Leppek Electrical,,Yes,,Home Services - Electrical,Electrical services
Leslie Tay Heart Specialist,Yes,Yes,,Healthcare - Cardiology,Cardiology specialist services
LHN Energy Resources Pte Ltd,Yes,,,Energy - Biomass / Fuel,Energy and fuel resources
Lian Huat Leasing,Yes,Yes,,Automotive - Leasing,Vehicle leasing and rental
Liang Yi TCM,Yes,,,Healthcare - TCM,Traditional Chinese Medicine services
Life 'N Liquor,Yes,,,Retail - Liquor,Wines and spirits
Lifeline Cleaning,Yes,,,Home Services - Cleaning,Cleaning services
LIGHT AVENUE PTE. LTD (Paid Ads),Yes,Yes,Yes,Retail - Lighting,Lighting fixtures and home lighting
LingoAce,Yes,,,Education - Language (Online),"Online Chinese, English and Math classes for kids"
Little Flower Hut,Yes,,,Retail - Florist,Flowers and floral arrangements
Little Seeds Preschool (Anglican Preschool Services Ltd),Yes,Yes,,Education - Preschool,Preschool and childcare services
Live Well Chiropractic,Yes,Yes,,Healthcare - Chiropractic,Chiropractic services
Lusi Group,Yes,Yes,,Corporate Training - Sales / Leadership,"Soft skills, sales and leadership training (focus: financial advisors, agency leaders)"
M Motor Pte Ltd,Yes,Yes,,Automotive - Dealer,Used/new car dealership
M2 Decor,Yes,,,Interior Design & Renovation,Interior design services
Maddest Mad Honey,Yes,,,Retail - Specialty Food (E-commerce),Nepal mad honey e-commerce (worldwide shipping)
Made Suits,,Yes,,Retail - Tailoring,Bespoke tailored suits
MAG-IT,Yes,,,B2B - IT Services,IT services and solutions
Maison Interior Pte. Ltd.,,Yes,,Interior Design & Renovation,Interior design services
Mandarin Plus,,Yes,Yes,Education - Language,Chinese language classes
Mapei,Yes,Yes,,Building Materials - Adhesives,"Adhesives, sealants and construction chemicals"
Maple Bear Lavender,Yes,,,Education - Preschool,Canadian preschool (Maple Bear)
Maxi Home Living,Yes,,,Retail - Home / Furniture,Home and furniture products
Maxindo Enterprise Pte Ltd,Yes,,,B2B - Truck Spare Parts,"Diesel engine spare parts for Nissan/UD, Renault, Volvo trucks; bearings"
MDIS,,Yes,,Education - Private,"Diploma, degree and MBA programmes"
Media Architects,Yes,,,Professional Services - Media / PR,Media and PR services
Mee Mee Optics,Yes,,,Healthcare - Optometry,Eyewear and optometry services
Mega Furniture Pte Ltd,Yes,,,Retail - Furniture,Furniture retail
Mercure Bugis Singapore,,,Yes,Hospitality - Hotel,Hotel rooms and F&B
Meridian Homes Pte Ltd,Yes,,,Real Estate - Property / Developer,Property development / sales
MESPA,Yes,,,Beauty Services - Spa,Spa and wellness services
Metalo International,Yes,,,B2B - Metal Trading,Metal trading and supply
Middleton International School Pte Ltd,Yes,,,Education - International School,International school
Million Parcel,Yes,,,Logistics - Courier,Courier and parcel delivery
Mind and Body Health Consultancy Pte. Ltd,,Yes,,Healthcare - Wellness,Wellness and health consultancy
MIT Technology,,Yes,,B2B - IT Services,IT services and solutions
Mofex Pte Ltd,,Yes,,Logistics - Moving,Residential and commercial moving services
Monster Prints,Yes,,,Retail - Printing,Custom printing services
Mortage Plus,,Yes,,Financial Services - Mortgage Broker,Mortgage brokerage
Mould Guru,Yes,,,Home Services - Mould Removal,Mould removal and remediation
MPN Tech,Yes,,,B2B - PCB Manufacturing & Assembly,"Rigid-flex, HDI, RF/microwave, aluminium PCBs; PCB assembly, repair, design, prototype, wire harness"
Mr Khemistry,Yes,Yes,,Education - Tuition (Chemistry),"Chemistry tuition centre for O-Level, A-Level, H2, IP — 3 branches (Bukit Timah, Hougang, Tampines)"
Musee,Yes,,,Beauty Services - Hair Removal,Hair removal (SSC) and skincare treatments (Musee Platinum Tokyo)
My First Sign,Yes,Yes,,B2B - Signage & Large Format Printing,"Signage (acrylic, 3D LED, lightbox, building signs, neon) and large format printing (backdrops, wall stickers, vehicle wraps); BCA advertising licence support"
My Inner Child Clinic,Yes,,,Healthcare - Psychology,Counselling and mental health services
myCarriage,Yes,Yes,,Funeral Services,Funeral services
Nanyang Business School,Yes,,,Education - Tertiary / MBA,MBA and business education programmes
Nasty Cookie,Yes,,,F&B - Gourmet Cookies,Gourmet cookies and baked goods; exploring B2B corporate gifting and event booth channels
Neko town,,Yes,,Leisure - Cat Cafe,Cat cafe / experience
New Genz Solution,,Yes,,Home/Commercial Services - Kitchen Exhaust,Kitchen exhaust installation and cleaning
Newcastle,,,Yes,Education - Tuition,"Tuition centre (Primary, Secondary, JC, O/A-level prep)"
Newway Air Conditioning,Yes,,,Home Services - Aircon,Air-conditioning servicing and installation
NOVA,Yes,Yes,,F&B - Rooftop Bar,Rooftop bar at One Raffles Place level 63 (OUE Sky / same group as HighHouse)
Nova Eye Centre,Yes,,,Healthcare - Ophthalmology,Eye specialist services
Nova Eye Centre Pte Ltd,,Yes,,Healthcare - Ophthalmology,Eye specialist services
NovaHealth TCM Clinic,Yes,Yes,,Healthcare - TCM,Traditional Chinese Medicine services
NPS International,Yes,Yes,,Education - International School,K-12 international school
NUH Corporate,Yes,,,Healthcare - Hospital,Public hospital services (National University Hospital)
NurtureStars Preschool,Yes,,,Education - Preschool,Preschool and childcare services
Nutrition Asia Group,,Yes,,Retail - Health Supplements,Health supplements and nutrition
O&G Specialist Clinic,Yes,Yes,,Healthcare - Specialist Clinic,Obstetrics and gynaecology services
Odyssey - The Global Preschool,Yes,,,Education - Preschool,International preschool
Office M,Yes,,,Professional Services - Corporate Services,"Company incorporation, secretarial, compliance, accounting, tax, virtual office"
Oki Data (Paid Ads),,Yes,Yes,B2B - Printing / Office Equipment,Printers and office printing equipment
One Futureworld,Yes,,,Retail - Consumer Electronics (Authorised Distributor),"Authorised Singapore distributor of Bose — soundbars, speakers, headphones, earbuds, home cinema"
Optimal Works Pte Ltd,,Yes,,Interior Design & Renovation,Commercial and residential renovation
Orange Academy,,Yes,,Education - Enrichment,Enrichment / training
Orange Clove,Yes,,,F&B - Catering,Event and corporate catering
Orange Tree Preschool,Yes,,,Education - Preschool,Preschool and childcare
Orange Valley,Yes,Yes,,Healthcare - Nursing Home (Enterprise),"5 nursing homes / 900+ beds; residential nursing, rehab, dementia care, day care; owned by Cuscaden Peak Investments"
Orchard Health Clinic,Yes,Yes,,Healthcare - Chiropractic / Wellness,Chiropractic and wellness services
Oriental Remedies Group,Yes,,,Healthcare - TCM,Traditional Chinese Medicine services
OTO Wellness,Yes,,,Retail - Wellness Products (Enterprise),"Massage chairs, fitness machines, portable massagers, air purifiers — 45+ years, 30+ countries, 500+ outlets"
OTOM Services,Yes,Yes,,B2B - Oilfield & Marine Equipment,"Valves, gaskets, offshore tools for oilfield/marine/petrochemical"
Our Momento,Yes,,,Events / Photography,Photo booth / event services
Overdrive,Yes,,,B2B - Fleet Management / IoT,"GPS fleet tracking, vehicle telematics, asset monitoring, driver behaviour systems"
PackInk,Yes,,,B2B - Custom Packaging,Custom packaging and packaging supplies
Paclin Office,Yes,,,B2B - Office Supplies,Office furniture and supplies
PandaTec Pte Ltd,Yes,,,B2B - Commercial Furniture,"Office, industrial, medical and lab furniture supplier"
Paws & Claws,Yes,,,Retail - Pet / Grooming,Pet grooming and supplies
Pearl Plastic Surgery Pte Ltd (Paid Ads),,Yes,,Healthcare - Plastic Surgery,Plastic and cosmetic surgery
Perry Management Clean Energy (PMCE),Yes,Yes,,Energy - Clean Energy Consulting,Clean energy consulting and solutions
Petite Fleur,,Yes,,Retail - Florist,Flowers and floral arrangements
PHarMed Import & Export Pte Ltd,Yes,,,Healthcare - Pharmaceutical Trading,Pharmaceutical import and distribution
Picasso Hair Studio,Yes,Yes,,Beauty Services - Hair,Hair salon services
Point One Fan,Yes,Yes,,Retail - Home Appliances,Ceiling fans and home appliances
PPIS,Yes,,,Non-Profit / Social Services,Women and family social services
Propnex (Nix) Zion Road,,Yes,,Real Estate - Agency,Property agent (Propnex)
Proserv Pest Pte Ltd,Yes,Yes,,Pest Control,Pest control services
Proterial Asia Pacific Pte Ltd,Yes,,,B2B - Materials / Manufacturing,Industrial materials
PSB Academy,Yes,,,Education - Private,"Diploma, degree and professional courses"
Publico,Yes,,,F&B - Italian Restaurant,"Italian restaurant at Robertson Quay — wood-fired pizzas, house-made pastas, riverside pet-friendly alfresco dining"
Purcotton (Hong Kong) Company Limited,,,Yes,Retail - Cotton Personal Care / Baby / Feminine,"100% natural cotton products — tissues, baby essentials, menstrual pads, bedding, disposable towels, underwear; under Winner Medical"
Pure Water,Yes,Yes,,B2B - Commercial Water Dispensers,"Commercial water dispensers (countertop, freestanding, wall-mounted, under-sink, vending) with RO/UV/carbon purification; rental + servicing model"
QB Plumbing Pte Ltd,Yes,,,Home Services - Plumbing,Plumbing services
Quahe Woo & Palmer LLC,Yes,,,Professional Services - Legal,Legal services
Radiation Oncology Singapore Pte Ltd,Yes,,,Healthcare - Oncology,Radiation oncology / cancer treatment
Raffles Kidz (Northeast),Yes,Yes,,Education - Preschool,Preschool and childcare services
Really Addictive Drinks,,Yes,,B2B - Custom Beverage Platform,"Custom beverages for brands/caterers/cafes/offices/events — cold-pressed juices, cold-brewed teas, specialty lattes; custom recipes and labels"
REHAB & BEYOND PTE. LTD.,Yes,,,Healthcare - Rehabilitation,Physiotherapy and rehabilitation
Renda TCM ,,,Yes,Healthcare - TCM,Traditional Chinese Medicine services
Rentokil Initial (Thailand) Ltd,Yes,Yes,,Pest Control & Hygiene,Pest control and hygiene services
Rentokil Initial Singapore Pte Ltd,Yes,Yes,,Pest Control & Hygiene,Pest control and hygiene services
RH Positive Education Preschool Pte Ltd,,Yes,,Education - Preschool,Preschool and childcare
RHB Bank Berhad,Yes,Yes,,Financial Services - Banking,Retail and business banking products
Right On Media,Yes,,,Professional Services - Media,Media and marketing services
RJ Security (SEM-R),,Yes,,B2B - Security Services,Security services
Ron Master Tailors,,Yes,,Retail - Tailoring,Bespoke tailored suits
Royal Animal Rescue,,Yes,,Non-Profit - Animal,Animal rescue and donations
S1 Plumbing,,Yes,,Home Services - Plumbing,Plumbing services
SafetySam,Yes,,,B2B - PPE & Safety Equipment,"PPE and industrial safety equipment — safety shoes, fire blankets, fall protection, high-vis, protective clothing; powered by PDS International (30+ years)"
saint àvia,Yes,,,Retail - Fine Jewellery (Luxury),"High-end fine jewellery — 14k/18k solid gold, natural gemstones and diamonds, minimalist modern designs for everyday wear"
Saint Clare School,Yes,,,Education - Private,Private school
Saldo Rehabilitation,Yes,,,Healthcare - Rehabilitation,Physiotherapy and rehabilitation
Samuel Goh,,Yes,,Real Estate - Agent (New Launch),"Property agent focused on new condo launches (Parktown Residence, Aurelle Tampines)"
SAN Automation Gate,Yes,Yes,,B2B - Gates / Automation,Automated gates
SARTORIUS SINGAPORE PTE. LTD,,Yes,,B2B - Life Sciences Equipment,Lab and bioprocess equipment
Sapling Grove,,,Yes,Education,Enrichment centre for pri sch kids
SATS,Yes,,,B2B - Aviation / Catering,Inflight catering and ground handling
School of Russian Ballet Singapore (P.K.A Little Dance Academy Pte Ltd),,Yes,,Education - Dance (Ballet),Ballet classes
"Seed of Life, Fertility & Women's Care Medical Centre",,Yes,,Healthcare - Fertility / O&G,Fertility and women's health services
Seeds (Preschool),,Yes,,Education - Preschool,Preschool and childcare
Select Catering,Yes,Yes,,F&B - Catering,Event catering services
Seriously Addictive Learning Center Pte Ltd,,Yes,,Education - Tuition,Maths tuition (SAM)
Shelf N Store,Yes,Yes,,Retail - Storage Solutions,Shelving and storage solutions
SHEVS IFT Consultants Pte Ltd,Yes,Yes,,Professional Services - Fire Safety,Fire safety consulting
Shift SG,,Yes,,Fitness & Wellness,Fitness / pilates studio
Shin Guan Pte Ltd,Yes,,,B2B - Crane Supplier & Service,"Overhead, gantry, monorail cranes, hoists; crane servicing and spare parts"
Shinko Crane,Yes,,,B2B - Crane Services,Crane services
Showcase+,,Yes,,Retail - Display / Furniture,Display cabinets / furniture
Sim The Builder,Yes,,,Construction / Renovation,Construction and renovation
Simply Education,Yes,,,Education - Tuition,Tuition services
Sin Chew Woodpaq,Yes,,,B2B - Specialised Industrial Logistics,"Wooden crating + heavy machinery moving + project logistics for semiconductor, aerospace, oil & gas; since 1970s; Heliconia-invested"
SINGAPORE ACCOUNTING AND BUSINESS SERVICES PTE. LTD,Yes,Yes,,Professional Services - Accounting,"Accounting, tax and corporate secretarial services"
Singapore Ballet Limited,,Yes,,Arts - Performing,Ballet performances / tickets
Singapore Heart Foundation,Yes,,,Non-Profit - Health,Heart health charity and donations
Singapore Hokkien Huay Kuan,,Yes,,Non-Profit - Clan Association,Clan and community services
Singtel Nxera,,,,Telco - Data Centre,Data centre services
Singtel RE-AI,,,,Telco - Enterprise / AI,Telco enterprise AI services
Singtel Satelite,,,,Telco - Satellite,Satellite communications
Sirius Maths (Port from Curion),Yes,Yes,,Education - Tuition,Maths tuition (secondary/JC)
SkinRev Medispa,Yes,,,Healthcare - Medical Aesthetics,Medispa and aesthetic treatments
Skyline Luge Singapore Company Pte Ltd,,Yes,,Leisure & Attractions,Luge ride and attractions (Sentosa)
Smartisan Reality Pte Ltd,,Yes,,Real Estate - Industrial (Developer),Smartfood @ Mandai industrial units for F&B/logistics/manufacturing SMEs (sale/rent-to-own)
Smartsource Management,Yes,Yes,,Real Estate - Co-working / Corporate Services,"Co-working space and corporate services (incorporation, secretarial, payroll, tax)"
Soilbuild,,Yes,,Real Estate - Developer / Construction,Property development and construction
Sonare Music School,Yes,,,Education - Music,Music classes
Soon Bee Huat Trading Pte Ltd,Yes,Yes,,Wholesale Trading,Wholesale trading (F&B / dry goods)
Space Hub,Yes,,,Real Estate - Self Storage / Co-Production,Self-storage units + co-production/warehouse spaces for SMEs and e-commerce (Woodlands); drive-in access
SPACE HUB PTE LTD,,Yes,,Real Estate - Self Storage / Co-Production,Self-storage units + co-production/warehouse spaces for SMEs and e-commerce (Woodlands); drive-in access
SparkCleanz,,Yes,,Home Services - Cleaning,Cleaning services
Specialist Orthopaedic Centre,Yes,Yes,,Healthcare - Specialist Clinic,Orthopaedic consultation and treatment
Spring Cleaning,Yes,Yes,,Home Services - Cleaning,Home cleaning services
St. Francis Methodist School,Yes,,,Education - Private School,Private school / IGCSE programme
Stamford Catering,Yes,Yes,,F&B - Catering,Event and corporate catering
Stationery World(s) Pte Ltd,,Yes,,Retail - Stationery,Stationery and office supplies
Stile Hair Studio,Yes,,,Beauty Services - Hair,Hair salon services
Stone For Gold Pte Ltd,,Yes,,Retail - Leather Goods (Customised),"Customised leather goods — watch straps, FOBS, corporate leather workshops; 20-year craftsmen"
Stone Loft Pte Ltd,Yes,,,Retail - Stone / Building Materials,Stone and building materials
Style It Simply,,Yes,,Events - Styling / Decor Rental,"Wedding, proposal and birthday event styling; balloon decor, dessert tables, prop rental"
Sui Generis Neon,Yes,Yes,,Retail - Custom Signage,Custom neon and LED signage
Sunstream Industries,Yes,,,B2B - Industrial,Industrial products / supply
Super Nanny Services,Yes,,,Employment - Confinement Nanny,Confinement nanny services
Supermath,Yes,,,Education - Tuition,Maths tuition
SUTD,,Yes,,Education - University,University education (Singapore University of Technology and Design)
Swee Heng Bakery,Yes,,,F&B - Bakery,Bakery products
Swee Heng Corporate,Yes,,,F&B - Bakery,Bakery (corporate)
T32 Dental Group,Yes,,,Healthcare - Dental,Dental and orthodontic services
Tab Gallery Design (Paid Ads),,Yes,Yes,Interior Design & Renovation,Interior design services
Tangs Clinic TCM,Yes,Yes,,Healthcare - TCM,Traditional Chinese Medicine services
Taste Asia,Yes,,,F&B - Asian Cuisine,Asian F&B (specifics uncertain — recommend AM to verify)
TELIgraph Business Systems Pte Ltd,,Yes,,B2B - Office Systems,Office systems and equipment
The Classroom,Yes,,,Education - Tuition,Tuition / enrichment
The Economics Tutor,Yes,,,Education - Tuition,Economics tuition (JC)
The ENT Practice Pte Ltd,Yes,,,Healthcare - ENT Specialist,ENT specialist services
The Golden Concepts Pte. Ltd.,,Yes,,Retail - Eldercare Products,Mobility aids and eldercare products
The Good Lads,Yes,Yes,,F&B - Cheese Shop & Bar,"Artisanal cheese, cheese platters, nougats, wine, dine-in cheese bar"
The Grange Institution,Yes,Yes,,Education - International School,International school
The Home Physio,Yes,,,Healthcare - Physiotherapy,Home-based physiotherapy
The Keppel Club,Yes,,,Leisure - Country Club,Country / golf club membership
The Learning Point,Yes,,,Education - Tuition,Tuition and enrichment
The Movement Laboratory,Yes,,,Fitness & Wellness,Pilates / movement classes
The Music Shed,Yes,Yes,,Education - Music,Music lessons
The Privilege Boutique,Yes,,,Retail - Luxury / Watches,Luxury watches and accessories
The Psychology Practice Pte Ltd,Yes,Yes,,Healthcare - Psychology,Psychology and mental health services
The Reg Consultants,Yes,,,Professional Services - Regulatory,Regulatory consulting
The Relationship Room LLP,Yes,,,Healthcare - Counselling,Relationship and counselling services
The Wayne Chan,Yes,,,Events / Creative - Professional Emcee,"Professional emcee for D&D, conferences, weddings, product launches, award nights; former Channel NewsAsia broadcast journalist"
The Yoga House,Yes,Yes,,Fitness & Wellness - Yoga,Yoga classes
The Yoga Mandala,Yes,,,Fitness & Wellness - Yoga,Yoga classes
thefurniture.com.sg,Yes,,,Retail - Furniture (E-commerce),Furniture sold online
Thekchen Choling Singapore,,Yes,,Non-Profit - Religious,Buddhist temple / donations
Theoretical Medicine TCM,Yes,,,Healthcare - TCM,Traditional Chinese Medicine services
Thomson Reuters,,Yes,,B2B - Information / News,"News, legal and financial data services"
Tien Hsia,Yes,Yes,Yes,Education - Language (Chinese),Chinese language enrichment classes
Timber Actually,Yes,Yes,,Retail - Flooring,Wood flooring and timber products
Timezone Singapore,,Yes,,Leisure & Attractions,Family entertainment arcades
Titan Relocation,,Yes,,Logistics - Moving,Relocation and moving services
Titanium Limousines,,Yes,,Transport - Limousine,Limousine and chauffeur services
TLS Academy,Yes,,,Education - Enrichment / Tuition,Tuition / academic programmes
Top Faith,Yes,,,Healthcare - Caregiver Agency,"MOM-licensed caregiver placement for elderly, dementia and palliative care"
TOTO Asia Oceania (Paid Ads),Yes,Yes,Yes,Building Materials - Sanitary Ware,Bathroom and sanitary ware products
Touch Community Services,,Yes,,Non-Profit - Social Services,Community and social services
Trans Family,,,Yes,Non-Profit - Social Services,"Family Service Centre, counselling, senior care, family violence support"
Traveltod,Yes,Yes,,Travel - Online,Online travel bookings
True Chiropractic,Yes,,,Healthcare - Chiropractic,Chiropractic services
TTS Copier,Yes,,,B2B - Office Equipment,Copier and office equipment
Unicontrols Singapore,Yes,Yes,,B2B - Industrial Controls,Industrial control systems
Unilink Credit,Yes,,,Financial Services - Licensed Moneylender,Personal loans
UNITAS Vein & Endovascular Surgery,Yes,Yes,,Healthcare - Vascular Surgery,Vein and vascular surgery
United E&P Pte Ltd,Yes,,,B2B - Road Construction & Civil Engineering,"Asphalt paving, road milling, pothole repair, runway paving, civil engineering works"
United Language Centre,Yes,,,Education - Language,Language classes
Upfront Living - Danish Design,,Yes,,Retail - Furniture,Danish / Scandinavian furniture
Valsys Technologies Pte Ltd,Yes,,,B2B - Valves / Systems,Industrial valves and systems
Vanguard Business Solutions and Consulting,Yes,,,Professional Services - Consulting,Business consulting
VCC Singapore,Yes,,,Financial Services - Fund,Variable Capital Company / fund services
Vegatron,Yes,,,B2B - Fuel & Lubricants,"Diesel refuelling, mobile on-site refuelling, lubricant oils, marine gas oil, fuel management"
Venture Cars,Yes,,,Automotive - Dealer,Used car dealership
Veritas Medical Aesthetics,Yes,,,Healthcare - Medical Aesthetics,Aesthetic medical treatments
Vigeo Health & Fitness,Yes,,,Fitness & Wellness,Gym and fitness
Vitality Chiropractic,Yes,,,Healthcare - Chiropractic,Chiropractic services
Vivid Creations (for OMAKASE.jp),,Yes,,F&B - Restaurant,Omakase / Japanese dining
Vivid Snaps,Yes,,,Events / Photography,Event photography and photo booth
VOLM Pte Ltd,,Yes,,B2B - Office Design & Fitout,"Office interior design, workplace fitout, joinery, office furniture"
Voltrium System Pte Ltd,Yes,,,B2B - Electrical Systems,Electrical control systems
Wellness Renaissance,,Yes,,Wellness - Essential Oils Workshop,"2-hour in-person essential oils workshops — natural wellness education, gua sha, live testing"
WeMasterTrade,Yes,,,Education - Trading / Finance,"Financial trading education + proprietary trading evaluation (prop firm model); trader funding, mentorship"
Wharton Preschool,Yes,Yes,,Education - Preschool,Preschool and childcare services
Window Art Gallery,Yes,,,Retail - Window Treatments,"Curtains, blinds and window treatments"
Window To The Past Pte Ltd (WTP Furniture),Yes,Yes,Yes,Retail - Furniture,Vintage and designer furniture
Wood Capitol,Yes,,,Retail - Flooring / Wood,Wood flooring products
Work+Store,Yes,,,Real Estate - Self Storage,Self-storage units
World Vision,,Yes,,Non-Profit - Humanitarian,Charity donations and child sponsorship
Xiao Yun Photography,,Yes,,Events / Photography,Photography services
Yadanar Gems,Yes,,,Retail - Jewellery / Gems,Gems and jewellery
Yi Yun Movers,Yes,Yes,,Logistics - Moving,Moving services
Yoga Nation,,Yes,,Fitness & Wellness - Yoga,Yoga classes
Young Generation,Yes,,,Education - Preschool,Preschool and childcare
YT Automation,Yes,,,B2B - Automation,Industrial automation
Zelf Collection,,,Yes,Interior Design & Renovation,Interior Design & Renovation
Zenith Yacht Charters,Yes,,,Leisure - Yacht Charter,Yacht charter services